Name,Color
abomasnow-mega,"(247, 249, 251)"
abomasnow,"(250, 250, 251)"
abra,"(254, 254, 254)"
absol-mega,"(247, 249, 252)"
absol,"(249, 250, 252)"
accelgor,"(9, 10, 6)"
aegislash-blade,"(17, 14, 14)"
aegislash-shield,"(16, 14, 14)"
aerodactyl-mega,"(254, 253, 254)"
aerodactyl,"(254, 254, 254)"
aggron-mega,"(251, 251, 252)"
aggron,"(2, 2, 2)"
aipom,"(5, 6, 3)"
alakazam-mega,"(18, 15, 15)"
alakazam,"(10, 9, 12)"
alcremie-gmax,"(254, 253, 250)"
alcremie,"(253, 249, 242)"
alomomola,"(254, 252, 253)"
altaria-mega,"(242, 244, 248)"
altaria,"(243, 247, 250)"
amaura,"(251, 252, 250)"
ambipom,"(6, 7, 4)"
amoonguss,"(23, 22, 19)"
ampharos-mega,"(13, 11, 11)"
ampharos,"(254, 253, 253)"
annihilape,"(252, 252, 253)"
anorith,"(2, 2, 2)"
appletun-gmax,"(254, 254, 254)"
appletun,"(254, 254, 254)"
applin,"(254, 254, 253)"
araquanid-totem,"(240, 246, 249)"
araquanid,"(240, 246, 249)"
arbok,"(15, 10, 10)"
arboliva,"(6, 1, 2)"
arcanine-hisui,"(114, 91, 85)"
arcanine,"(22, 23, 24)"
arceus,"(5, 6, 4)"
archen,"(254, 254, 254)"
archeops,"(254, 251, 246)"
arctibax,"(4, 1, 1)"
arctovish,"(251, 252, 253)"
arctozolt,"(249, 251, 249)"
ariados,"(8, 8, 6)"
armaldo,"(5, 5, 5)"
armarouge,"(254, 254, 252)"
aromatisse,"(253, 253, 254)"
aron,"(228, 229, 230)"
arrokuda,"(254, 253, 251)"
articuno-galar,"(254, 254, 254)"
articuno,"(4, 4, 5)"
audino-mega,"(251, 249, 246)"
audino,"(230, 185, 171)"
aurorus,"(244, 245, 237)"
avalugg-hisui,"(243, 246, 248)"
avalugg,"(241, 248, 252)"
axew,"(17, 20, 12)"
azelf,"(252, 253, 254)"
azumarill,"(5, 7, 4)"
azurill,"(2, 2, 3)"
bagon,"(253, 253, 252)"
baltoy,"(1, 1, 0)"
banette-mega,"(14, 12, 12)"
banette,"(1, 1, 1)"
barbaracle,"(12, 10, 10)"
barboach,"(254, 254, 254)"
barraskewda,"(254, 254, 254)"
basculegion-female,"(249, 252, 251)"
basculegion-male,"(254, 253, 253)"
basculin-blue-striped,"(249, 250, 249)"
basculin-red-striped,"(9, 10, 6)"
basculin-white-striped,"(252, 253, 252)"
bastiodon,"(248, 246, 241)"
baxcalibur,"(248, 251, 251)"
bayleef,"(254, 254, 254)"
beartic,"(242, 248, 248)"
beautifly,"(1, 1, 1)"
beedrill-mega,"(18, 12, 12)"
beedrill,"(2, 2, 2)"
beheeyem,"(254, 254, 254)"
beldum,"(254, 254, 254)"
bellibolt,"(254, 254, 252)"
bellossom,"(169, 149, 101)"
bellsprout,"(1, 1, 1)"
bergmite,"(237, 245, 251)"
bewear,"(251, 242, 244)"
bibarel,"(18, 17, 14)"
bidoof,"(154, 117, 77)"
binacle,"(13, 11, 10)"
bisharp,"(251, 251, 252)"
blacephalon,"(13, 11, 10)"
blastoise-gmax,"(118, 42, 58)"
blastoise-mega,"(15, 13, 13)"
blastoise,"(126, 123, 127)"
blaziken-mega,"(170, 111, 101)"
blaziken,"(253, 252, 249)"
blipbug,"(254, 254, 253)"
blissey,"(214, 166, 183)"
blitzle,"(253, 252, 251)"
boldore,"(84, 70, 85)"
boltund,"(5, 6, 5)"
bombirdier,"(9, 5, 5)"
bonsly,"(254, 254, 254)"
bouffalant,"(8, 9, 6)"
bounsweet,"(251, 252, 251)"
braixen,"(254, 254, 253)"
brambleghast,"(5, 1, 1)"
bramblin,"(8, 3, 3)"
braviary-hisui,"(3, 3, 3)"
braviary,"(1, 1, 1)"
breloom,"(1, 1, 1)"
brionne,"(250, 252, 252)"
bronzong,"(254, 254, 254)"
bronzor,"(69, 127, 144)"
brute-bonnet,"(249, 250, 247)"
bruxish,"(253, 254, 254)"
budew,"(253, 254, 251)"
buizel,"(254, 254, 252)"
bulbasaur,"(126, 170, 143)"
buneary,"(254, 252, 248)"
bunnelby,"(254, 254, 254)"
burmy,"(254, 254, 254)"
butterfree-gmax,"(254, 253, 253)"
butterfree,"(242, 246, 249)"
buzzwole,"(13, 8, 8)"
cacnea,"(254, 254, 254)"
cacturne,"(4, 6, 4)"
calyrex-ice,"(252, 253, 253)"
calyrex-shadow,"(252, 252, 253)"
calyrex,"(253, 253, 253)"
camerupt-mega,"(32, 29, 27)"
camerupt,"(251, 251, 250)"
capsakid,"(254, 254, 253)"
carbink,"(141, 148, 166)"
carkol,"(254, 254, 254)"
carnivine,"(5, 6, 3)"
carracosta,"(101, 131, 162)"
carvanha,"(5, 10, 16)"
cascoon,"(1, 1, 1)"
castform-rainy,"(0, 0, 0)"
castform-snowy,"(1, 1, 1)"
castform-sunny,"(3, 2, 2)"
castform,"(254, 254, 254)"
caterpie,"(2, 3, 2)"
celebi,"(242, 247, 235)"
celesteela,"(14, 24, 23)"
centiskorch-gmax,"(254, 254, 254)"
centiskorch,"(254, 254, 254)"
ceruledge,"(19, 17, 36)"
cetitan,"(251, 251, 251)"
cetoddle,"(246, 242, 242)"
chandelure,"(11, 11, 8)"
chansey,"(249, 234, 241)"
charcadet,"(254, 254, 254)"
charizard-gmax,"(194, 57, 50)"
charizard-mega-x,"(17, 12, 13)"
charizard-mega-y,"(16, 13, 14)"
charizard,"(254, 253, 249)"
charjabug,"(252, 251, 251)"
charmander,"(250, 247, 242)"
charmeleon,"(251, 248, 246)"
chatot,"(2, 4, 1)"
cherrim,"(113, 106, 114)"
cherubi,"(166, 123, 107)"
chesnaught,"(14, 11, 10)"
chespin,"(254, 254, 254)"
chewtle,"(250, 251, 251)"
chi-yu,"(252, 252, 250)"
chien-pao,"(246, 249, 249)"
chikorita,"(6, 8, 5)"
chimchar,"(253, 250, 243)"
chimecho,"(250, 252, 253)"
chinchou,"(5, 6, 3)"
chingling,"(5, 6, 3)"
cinccino,"(253, 253, 254)"
cinderace-gmax,"(254, 254, 254)"
cinderace,"(253, 253, 253)"
clamperl,"(237, 237, 243)"
clauncher,"(254, 254, 254)"
clawitzer,"(253, 253, 251)"
claydol,"(245, 223, 222)"
clefable,"(248, 233, 228)"
clefairy,"(250, 224, 227)"
cleffa,"(245, 223, 218)"
clobbopus,"(251, 250, 248)"
clodsire,"(254, 254, 254)"
cloyster,"(19, 17, 19)"
coalossal-gmax,"(254, 254, 254)"
coalossal,"(254, 254, 254)"
cobalion,"(252, 253, 253)"
cofagrigus,"(113, 127, 116)"
combee,"(251, 251, 253)"
combusken,"(1, 1, 1)"
comfey,"(253, 253, 251)"
conkeldurr,"(146, 134, 130)"
copperajah-gmax,"(252, 253, 252)"
copperajah,"(253, 254, 253)"
corphish,"(2, 1, 1)"
corsola-galar,"(252, 252, 252)"
corsola,"(5, 6, 4)"
corviknight-gmax,"(84, 40, 60)"
corviknight,"(254, 254, 254)"
corvisquire,"(254, 254, 254)"
cosmoem,"(254, 254, 252)"
cosmog,"(253, 252, 249)"
cottonee,"(248, 250, 248)"
crabominable,"(248, 250, 250)"
crabrawler,"(254, 254, 251)"
cradily,"(2, 2, 1)"
cramorant-gorging,"(1, 0, 0)"
cramorant-gulping,"(0, 1, 0)"
cramorant,"(252, 251, 251)"
cranidos,"(2, 4, 1)"
crawdaunt,"(2, 1, 1)"
cresselia,"(237, 228, 228)"
croagunk,"(14, 15, 13)"
crobat,"(254, 254, 254)"
crocalor,"(253, 253, 250)"
croconaw,"(1, 1, 1)"
crustle,"(30, 27, 23)"
cryogonal,"(13, 14, 11)"
cubchoo,"(252, 253, 254)"
cubone,"(244, 243, 240)"
cufant,"(254, 253, 252)"
cursola,"(251, 251, 251)"
cutiefly,"(253, 253, 252)"
cyclizar,"(10, 8, 8)"
cyndaquil,"(251, 247, 235)"
dachsbun,"(186, 106, 55)"
darkrai,"(4, 5, 3)"
darmanitan-galar-standard,"(253, 253, 253)"
darmanitan-galar-zen,"(0, 0, 0)"
darmanitan-standard,"(12, 13, 9)"
darmanitan-zen,"(238, 245, 250)"
dartrix,"(250, 250, 249)"
darumaka-galar,"(253, 254, 254)"
darumaka,"(195, 117, 99)"
decidueye-hisui,"(10, 9, 8)"
decidueye,"(253, 253, 252)"
dedenne,"(21, 19, 18)"
deerling,"(254, 252, 249)"
deino,"(254, 254, 254)"
delcatty,"(254, 252, 246)"
delibird,"(243, 242, 242)"
delphox,"(15, 11, 11)"
deoxys-attack,"(3, 1, 1)"
deoxys-defense,"(254, 253, 253)"
deoxys-normal,"(3, 1, 1)"
deoxys-speed,"(13, 6, 8)"
dewgong,"(242, 246, 249)"
dewott,"(254, 254, 253)"
dewpider,"(250, 252, 253)"
dhelmise,"(254, 254, 252)"
dialga-origin,"(2, 4, 5)"
dialga,"(3, 3, 4)"
diancie-mega,"(242, 234, 236)"
diancie,"(196, 152, 179)"
diggersby,"(237, 236, 232)"
diglett-alola,"(254, 254, 254)"
diglett,"(168, 145, 134)"
ditto,"(185, 168, 202)"
dodrio,"(4, 4, 5)"
doduo,"(254, 254, 254)"
dolliv,"(252, 252, 247)"
dondozo,"(252, 252, 253)"
donphan,"(246, 248, 249)"
dottler,"(253, 253, 251)"
doublade,"(254, 254, 254)"
dracovish,"(253, 253, 254)"
dracozolt,"(254, 254, 251)"
dragalge,"(11, 9, 9)"
dragapult,"(133, 177, 176)"
dragonair,"(9, 9, 10)"
dragonite,"(253, 252, 247)"
drakloak,"(246, 248, 248)"
drampa,"(251, 252, 249)"
drapion,"(253, 253, 253)"
dratini,"(9, 8, 9)"
drednaw-gmax,"(254, 254, 254)"
drednaw,"(254, 254, 253)"
dreepy,"(253, 253, 252)"
drifblim,"(4, 5, 2)"
drifloon,"(254, 254, 254)"
drilbur,"(9, 10, 7)"
drizzile,"(3, 3, 3)"
drowzee,"(254, 254, 253)"
druddigon,"(8, 8, 5)"
dubwool,"(251, 250, 250)"
ducklett,"(254, 254, 254)"
dudunsparce-three-segment,"(246, 250, 251)"
dudunsparce,"(254, 254, 253)"
dugtrio-alola,"(251, 249, 229)"
dugtrio,"(155, 135, 124)"
dunsparce,"(6, 8, 5)"
duosion,"(144, 191, 156)"
duraludon-gmax,"(154, 38, 61)"
duraludon,"(250, 251, 252)"
durant,"(253, 253, 254)"
dusclops,"(1, 1, 1)"
dusknoir,"(253, 253, 253)"
duskull,"(248, 248, 244)"
dustox,"(253, 252, 251)"
dwebble,"(156, 122, 105)"
eelektrik,"(253, 252, 246)"
eelektross,"(253, 253, 248)"
eevee-gmax,"(251, 250, 239)"
eevee-starter,"(4, 2, 2)"
eevee,"(7, 6, 4)"
eiscue-ice,"(244, 249, 250)"
eiscue-noice,"(251, 253, 252)"
ekans,"(151, 114, 134)"
eldegoss,"(253, 252, 246)"
electabuzz,"(2, 5, 6)"
electivire,"(14, 15, 13)"
electrike,"(254, 254, 254)"
electrode-hisui,"(226, 200, 154)"
electrode,"(243, 244, 245)"
elekid,"(254, 254, 254)"
elgyem,"(254, 254, 254)"
emboar,"(32, 31, 30)"
emolga,"(252, 253, 253)"
empoleon,"(15, 18, 17)"
enamorus-incarnate,"(253, 253, 253)"
enamorus-therian,"(253, 253, 253)"
entei,"(7, 7, 4)"
escavalier,"(9, 9, 6)"
espathra,"(68, 28, 16)"
espeon,"(4, 2, 2)"
espurr,"(254, 254, 254)"
eternatus-eternamax,"(0, 0, 1)"
eternatus,"(4, 5, 12)"
excadrill,"(240, 240, 241)"
exeggcute,"(253, 246, 247)"
exeggutor-alola,"(254, 254, 254)"
exeggutor,"(6, 6, 6)"
exploud,"(3, 2, 3)"
falinks,"(13, 13, 12)"
farfetchd-galar,"(253, 253, 253)"
farfetchd,"(5, 6, 5)"
farigiraf,"(254, 253, 251)"
fearow,"(3, 1, 0)"
feebas,"(254, 254, 254)"
fennekin,"(254, 254, 254)"
feraligatr,"(7, 8, 6)"
ferroseed,"(12, 13, 9)"
ferrothorn,"(250, 250, 250)"
fidough,"(254, 252, 246)"
finizen,"(254, 254, 254)"
finneon,"(22, 26, 26)"
flaaffy,"(249, 251, 251)"
flabebe,"(13, 11, 10)"
flamigo,"(251, 251, 251)"
flapple-gmax,"(254, 254, 254)"
flapple,"(254, 253, 252)"
flareon,"(3, 3, 3)"
fletchinder,"(18, 16, 16)"
fletchling,"(17, 15, 14)"
flittle,"(252, 251, 250)"
floatzel,"(251, 248, 239)"
floette-eternal,"(3, 3, 4)"
floette,"(12, 10, 9)"
floragato,"(249, 252, 247)"
florges,"(250, 243, 244)"
flutter-mane,"(63, 61, 61)"
flygon,"(2, 2, 2)"
fomantis,"(254, 252, 252)"
foongus,"(248, 244, 238)"
forretress,"(249, 244, 244)"
fraxure,"(9, 10, 6)"
frigibax,"(253, 253, 253)"
frillish,"(6, 83, 110)"
froakie,"(14, 13, 14)"
frogadier,"(12, 10, 10)"
froslass,"(253, 253, 252)"
frosmoth,"(241, 243, 247)"
fuecoco,"(253, 252, 248)"
furfrou,"(246, 249, 244)"
furret,"(250, 242, 233)"
gabite,"(5, 6, 3)"
gallade-mega,"(9, 10, 7)"
gallade,"(3, 5, 2)"
galvantula,"(254, 253, 249)"
garbodor-gmax,"(252, 252, 252)"
garbodor,"(134, 133, 121)"
garchomp-mega,"(11, 9, 8)"
garchomp,"(4, 5, 3)"
gardevoir-mega,"(1, 1, 1)"
gardevoir,"(0, 1, 0)"
garganacl,"(252, 251, 251)"
gastly,"(153, 127, 150)"
gastrodon,"(8, 6, 5)"
genesect,"(12, 9, 8)"
gengar-gmax,"(130, 33, 63)"
gengar-mega,"(129, 74, 102)"
gengar,"(7, 6, 6)"
geodude-alola,"(251, 251, 252)"
geodude,"(254, 254, 254)"
gholdengo,"(254, 254, 254)"
gible,"(109, 126, 137)"
gigalith,"(14, 14, 14)"
gimmighoul-roaming,"(2, 2, 2)"
gimmighoul,"(253, 253, 252)"
girafarig,"(254, 254, 254)"
giratina-altered,"(44, 33, 33)"
giratina-origin,"(24, 23, 22)"
glaceon,"(3, 4, 2)"
glalie-mega,"(81, 92, 106)"
glalie,"(234, 236, 243)"
glameow,"(2, 4, 2)"
glastrier,"(254, 254, 254)"
gligar,"(6, 7, 5)"
glimmet,"(253, 253, 253)"
glimmora,"(254, 254, 253)"
gliscor,"(16, 16, 15)"
gloom,"(13, 17, 19)"
gogoat,"(13, 12, 11)"
golbat,"(3, 3, 4)"
goldeen,"(250, 249, 251)"
golduck,"(3, 3, 3)"
golem-alola,"(253, 253, 253)"
golem,"(17, 15, 15)"
golett,"(104, 140, 137)"
golisopod,"(241, 245, 242)"
golurk,"(112, 142, 137)"
goodra-hisui,"(241, 240, 245)"
goodra,"(16, 12, 12)"
goomy,"(19, 13, 14)"
gorebyss,"(1, 0, 0)"
gossifleur,"(254, 254, 252)"
gothita,"(252, 252, 253)"
gothitelle,"(250, 250, 250)"
gothorita,"(249, 248, 249)"
gourgeist-average,"(29, 23, 19)"
gourgeist-large,"(29, 23, 19)"
gourgeist-small,"(29, 23, 19)"
gourgeist-super,"(29, 23, 19)"
grafaiai,"(252, 252, 251)"
granbull,"(254, 254, 254)"
grapploct,"(253, 253, 247)"
graveler-alola,"(15, 14, 13)"
graveler,"(254, 254, 254)"
great-tusk,"(249, 250, 250)"
greavard,"(252, 252, 252)"
greedent,"(254, 254, 254)"
greninja-ash,"(0, 0, 0)"
greninja-battle-bond,"(254, 254, 251)"
greninja,"(254, 253, 252)"
grimer-alola,"(12, 10, 8)"
grimer,"(254, 253, 254)"
grimmsnarl-gmax,"(209, 38, 74)"
grimmsnarl,"(36, 37, 46)"
grookey,"(254, 254, 254)"
grotle,"(133, 151, 94)"
groudon-primal,"(253, 252, 244)"
groudon,"(251, 250, 251)"
grovyle,"(1, 1, 1)"
growlithe-hisui,"(244, 242, 240)"
growlithe,"(254, 254, 254)"
grubbin,"(253, 253, 253)"
grumpig,"(1, 1, 1)"
gulpin,"(160, 193, 147)"
gumshoos-totem,"(254, 254, 254)"
gumshoos,"(254, 254, 254)"
gurdurr,"(27, 17, 18)"
guzzlord,"(253, 251, 241)"
gyarados-mega,"(12, 10, 10)"
gyarados,"(2, 3, 3)"
hakamo-o,"(253, 253, 253)"
happiny,"(253, 246, 247)"
hariyama,"(12, 13, 18)"
hatenna,"(253, 252, 252)"
hatterene-gmax,"(249, 248, 249)"
hatterene,"(253, 253, 253)"
hattrem,"(251, 250, 251)"
haunter,"(1, 1, 1)"
hawlucha,"(253, 253, 253)"
haxorus,"(10, 11, 8)"
heatmor,"(254, 254, 253)"
heatran,"(254, 254, 254)"
heliolisk,"(11, 9, 9)"
helioptile,"(15, 14, 14)"
heracross-mega,"(254, 254, 254)"
heracross,"(0, 1, 1)"
herdier,"(11, 12, 10)"
hippopotas,"(254, 254, 254)"
hippowdon,"(254, 253, 253)"
hitmonchan,"(9, 11, 10)"
hitmonlee,"(11, 10, 10)"
hitmontop,"(5, 7, 4)"
ho-oh,"(4, 5, 3)"
honchkrow,"(253, 252, 252)"
honedge,"(247, 251, 252)"
hoopa-unbound,"(10, 11, 8)"
hoopa,"(1, 0, 0)"
hoothoot,"(14, 16, 14)"
hoppip,"(6, 7, 4)"
horsea,"(6, 5, 5)"
houndoom-mega,"(251, 251, 252)"
houndoom,"(1, 1, 1)"
houndour,"(249, 248, 248)"
houndstone,"(251, 251, 251)"
huntail,"(1, 1, 1)"
hydreigon,"(8, 9, 5)"
hypno,"(10, 9, 8)"
igglybuff,"(253, 243, 243)"
illumise,"(250, 252, 251)"
impidimp,"(254, 254, 254)"
incineroar,"(254, 254, 254)"
indeedee-female,"(254, 254, 254)"
indeedee-male,"(254, 254, 254)"
infernape,"(19, 19, 16)"
inkay,"(248, 245, 242)"
inteleon-gmax,"(254, 254, 254)"
inteleon,"(254, 254, 253)"
iron-bundle,"(253, 253, 251)"
iron-hands,"(242, 241, 240)"
iron-jugulis,"(14, 12, 15)"
iron-leaves,"(1, 1, 1)"
iron-moth,"(225, 52, 35)"
iron-thorns,"(254, 254, 254)"
iron-treads,"(254, 253, 253)"
iron-valiant,"(229, 5, 48)"
ivysaur,"(117, 151, 150)"
jangmo-o,"(248, 247, 242)"
jellicent,"(238, 247, 252)"
jigglypuff,"(3, 9, 11)"
jirachi,"(252, 252, 251)"
jolteon,"(3, 2, 2)"
joltik,"(254, 254, 254)"
jumpluff,"(253, 251, 245)"
jynx,"(251, 249, 243)"
kabuto,"(254, 253, 253)"
kabutops,"(4, 3, 3)"
kadabra,"(15, 17, 18)"
kakuna,"(254, 254, 254)"
kangaskhan-mega,"(14, 12, 11)"
kangaskhan,"(168, 148, 137)"
karrablast,"(252, 248, 238)"
kartana,"(2, 1, 1)"
kecleon,"(45, 34, 33)"
keldeo-ordinary,"(10, 7, 6)"
keldeo-resolute,"(242, 249, 246)"
kilowattrel,"(9, 5, 6)"
kingambit,"(175, 166, 156)"
kingdra,"(4, 5, 3)"
kingler-gmax,"(252, 250, 250)"
kingler,"(253, 252, 252)"
kirlia,"(253, 253, 254)"
klang,"(18, 19, 17)"
klawf,"(253, 251, 246)"
kleavor,"(6, 2, 2)"
klefki,"(251, 252, 251)"
klink,"(236, 237, 240)"
klinklang,"(252, 252, 253)"
koffing,"(151, 148, 143)"
komala,"(253, 254, 254)"
kommo-o-totem,"(254, 254, 253)"
kommo-o,"(254, 254, 253)"
koraidon,"(9, 8, 12)"
krabby,"(253, 252, 251)"
kricketot,"(252, 249, 241)"
kricketune,"(254, 254, 254)"
krokorok,"(16, 16, 14)"
krookodile,"(13, 14, 11)"
kubfu,"(254, 254, 254)"
kyogre-primal,"(14, 12, 11)"
kyogre,"(253, 253, 254)"
kyurem-black,"(4, 5, 5)"
kyurem-white,"(250, 252, 252)"
kyurem,"(9, 9, 6)"
lairon,"(242, 242, 243)"
lampent,"(18, 19, 17)"
landorus-incarnate,"(247, 248, 250)"
landorus-therian,"(253, 253, 252)"
lanturn,"(253, 252, 250)"
lapras-gmax,"(249, 251, 249)"
lapras,"(0, 1, 1)"
larvesta,"(14, 14, 12)"
larvitar,"(254, 254, 254)"
latias-mega,"(9, 10, 7)"
latias,"(0, 0, 0)"
latios-mega,"(250, 250, 251)"
latios,"(253, 253, 253)"
leafeon,"(6, 7, 4)"
leavanny,"(254, 254, 252)"
lechonk,"(254, 251, 252)"
ledian,"(251, 251, 246)"
ledyba,"(17, 18, 16)"
lickilicky,"(5, 6, 3)"
lickitung,"(214, 165, 172)"
liepard,"(8, 9, 5)"
lileep,"(251, 240, 237)"
lilligant-hisui,"(254, 253, 253)"
lilligant,"(254, 254, 253)"
lillipup,"(254, 254, 254)"
linoone-galar,"(251, 251, 250)"
linoone,"(253, 252, 252)"
litleo,"(37, 32, 30)"
litten,"(254, 254, 254)"
litwick,"(252, 253, 253)"
lokix,"(254, 254, 254)"
lombre,"(239, 246, 242)"
lopunny-mega,"(10, 10, 7)"
lopunny,"(252, 245, 227)"
lotad,"(105, 167, 134)"
loudred,"(3, 3, 3)"
lucario-mega,"(253, 252, 250)"
lucario,"(254, 253, 253)"
ludicolo,"(253, 251, 245)"
lugia,"(250, 250, 252)"
lumineon,"(4, 5, 3)"
lunala,"(248, 248, 241)"
lunatone,"(208, 194, 154)"
lurantis-totem,"(254, 251, 251)"
lurantis,"(254, 251, 251)"
luvdisc,"(254, 254, 254)"
luxio,"(16, 17, 15)"
luxray,"(3, 5, 2)"
lycanroc-dusk,"(1, 0, 0)"
lycanroc-midday,"(254, 254, 254)"
lycanroc-midnight,"(253, 253, 253)"
mabosstiff,"(250, 250, 250)"
machamp-gmax,"(251, 251, 252)"
machamp,"(5, 5, 5)"
machoke,"(29, 28, 31)"
machop,"(20, 23, 25)"
magby,"(254, 254, 253)"
magcargo,"(186, 110, 104)"
magearna-original,"(3, 0, 0)"
magearna,"(250, 250, 249)"
magikarp,"(2, 1, 1)"
magmar,"(5, 5, 5)"
magmortar,"(15, 13, 10)"
magnemite,"(252, 253, 253)"
magneton,"(7, 7, 7)"
magnezone,"(249, 250, 250)"
makuhita,"(252, 240, 209)"
malamar,"(1, 1, 1)"
mamoswine,"(240, 238, 234)"
manaphy,"(254, 254, 253)"
mandibuzz,"(254, 254, 253)"
manectric-mega,"(13, 12, 11)"
manectric,"(254, 254, 253)"
mankey,"(252, 249, 247)"
mantine,"(254, 253, 253)"
mantyke,"(242, 249, 251)"
maractus,"(9, 10, 7)"
mareanie,"(254, 254, 254)"
mareep,"(252, 249, 240)"
marill,"(254, 254, 254)"
marowak-alola,"(254, 254, 254)"
marowak-totem,"(254, 254, 254)"
marowak,"(246, 245, 245)"
marshadow,"(254, 254, 254)"
marshtomp,"(1, 1, 1)"
maschiff,"(254, 254, 254)"
masquerain,"(248, 251, 252)"
maushold-family-of-three,"(253, 253, 254)"
maushold,"(253, 253, 252)"
mawile-mega,"(16, 14, 15)"
mawile,"(252, 248, 235)"
medicham-mega,"(245, 245, 244)"
medicham,"(253, 253, 253)"
meditite,"(2, 2, 2)"
meganium,"(254, 254, 254)"
melmetal-gmax,"(254, 254, 254)"
melmetal,"(2, 2, 2)"
meloetta-aria,"(249, 251, 245)"
meloetta-pirouette,"(254, 254, 254)"
meltan,"(0, 0, 0)"
meowscarada,"(6, 5, 3)"
meowstic-female,"(251, 252, 252)"
meowstic-male,"(246, 246, 247)"
meowth-alola,"(253, 253, 254)"
meowth-galar,"(254, 254, 254)"
meowth-gmax,"(253, 252, 248)"
meowth,"(252, 250, 244)"
mesprit,"(253, 254, 254)"
metagross-mega,"(12, 9, 8)"
metagross,"(253, 253, 254)"
metang,"(251, 251, 251)"
metapod,"(1, 1, 0)"
mew,"(234, 223, 225)"
mewtwo-mega-x,"(248, 247, 249)"
mewtwo-mega-y,"(248, 248, 250)"
mewtwo,"(4, 4, 4)"
mienfoo,"(9, 9, 6)"
mienshao,"(7, 8, 5)"
mightyena,"(10, 10, 10)"
milcery,"(254, 254, 254)"
milotic,"(2, 2, 2)"
miltank,"(14, 15, 14)"
mime-jr,"(253, 248, 250)"
mimikyu-disguised,"(254, 254, 254)"
mimikyu-totem-disguised,"(254, 254, 254)"
minccino,"(11, 12, 9)"
minior-blue-meteor,"(254, 254, 254)"
minior-blue,"(0, 0, 0)"
minior-green-meteor,"(254, 254, 254)"
minior-green,"(0, 0, 0)"
minior-indigo-meteor,"(254, 254, 254)"
minior-indigo,"(0, 0, 0)"
minior-orange-meteor,"(254, 254, 254)"
minior-orange,"(0, 0, 0)"
minior-red-meteor,"(254, 254, 254)"
minior-red,"(254, 251, 252)"
minior-violet-meteor,"(254, 254, 254)"
minior-violet,"(0, 0, 0)"
minior-yellow-meteor,"(254, 254, 254)"
minior-yellow,"(0, 0, 0)"
minun,"(253, 251, 240)"
miraidon,"(253, 253, 250)"
misdreavus,"(93, 115, 134)"
mismagius,"(254, 254, 254)"
moltres-galar,"(254, 254, 254)"
moltres,"(254, 254, 254)"
monferno,"(3, 5, 2)"
morelull,"(254, 252, 252)"
morgrem,"(254, 254, 254)"
morpeko-full-belly,"(253, 253, 247)"
morpeko-hangry,"(254, 253, 253)"
mothim,"(254, 254, 254)"
mr-mime-galar,"(6, 7, 7)"
mr-mime,"(2, 3, 3)"
mr-rime,"(248, 248, 249)"
mudbray,"(253, 250, 249)"
mudkip,"(1, 1, 1)"
mudsdale,"(254, 254, 254)"
muk-alola,"(254, 254, 254)"
muk,"(254, 254, 254)"
munchlax,"(253, 252, 249)"
munna,"(248, 221, 225)"
murkrow,"(0, 0, 0)"
musharna,"(176, 130, 160)"
nacli,"(253, 251, 251)"
naclstack,"(252, 250, 249)"
naganadel,"(253, 253, 253)"
natu,"(9, 9, 7)"
necrozma-dawn,"(233, 243, 249)"
necrozma-dusk,"(153, 128, 122)"
necrozma-ultra,"(254, 254, 250)"
necrozma,"(161, 154, 150)"
nickit,"(6, 5, 5)"
nidoking,"(252, 251, 252)"
nidoqueen,"(9, 8, 9)"
nidoran-f,"(217, 225, 239)"
nidoran-m,"(139, 118, 151)"
nidorina,"(1, 1, 1)"
nidorino,"(11, 10, 11)"
nihilego,"(254, 254, 254)"
nincada,"(253, 253, 253)"
ninetales-alola,"(254, 254, 254)"
ninetales,"(222, 208, 151)"
ninjask,"(250, 250, 251)"
noctowl,"(252, 251, 248)"
noibat,"(15, 13, 13)"
noivern,"(253, 253, 253)"
nosepass,"(126, 122, 165)"
numel,"(2, 2, 1)"
nuzleaf,"(1, 1, 1)"
nymble,"(253, 253, 253)"
obstagoon,"(254, 253, 254)"
octillery,"(6, 6, 3)"
oddish,"(2, 3, 3)"
oinkologne-female,"(254, 253, 252)"
oinkologne,"(93, 73, 95)"
omanyte,"(242, 240, 227)"
omastar,"(248, 247, 239)"
onix,"(4, 3, 4)"
oranguru,"(252, 252, 253)"
orbeetle-gmax,"(254, 254, 254)"
orbeetle,"(254, 254, 253)"
oricorio-baile,"(254, 254, 254)"
oricorio-pau,"(251, 247, 245)"
oricorio-pom-pom,"(253, 253, 247)"
oricorio-sensu,"(249, 251, 252)"
orthworm,"(247, 241, 238)"
oshawott,"(252, 251, 248)"
overqwil,"(4, 4, 6)"
pachirisu,"(248, 252, 253)"
palafin-hero,"(254, 254, 254)"
palafin,"(253, 254, 254)"
palkia-origin,"(248, 246, 249)"
palkia,"(3, 3, 3)"
palossand,"(254, 254, 254)"
palpitoad,"(246, 244, 235)"
pancham,"(251, 250, 243)"
pangoro,"(12, 10, 10)"
panpour,"(251, 243, 224)"
pansage,"(251, 246, 232)"
pansear,"(219, 142, 113)"
paras,"(10, 9, 10)"
parasect,"(6, 6, 6)"
passimian,"(2, 2, 1)"
patrat,"(12, 12, 9)"
pawmi,"(226, 140, 37)"
pawmo,"(5, 4, 3)"
pawmot,"(81, 75, 69)"
pawniard,"(8, 9, 6)"
pelipper,"(2, 2, 2)"
perrserker,"(253, 253, 253)"
persian-alola,"(254, 254, 254)"
persian,"(6, 6, 6)"
petilil,"(253, 253, 251)"
phanpy,"(140, 187, 186)"
phantump,"(17, 15, 15)"
pheromosa,"(254, 254, 253)"
phione,"(254, 254, 254)"
pichu,"(4, 8, 10)"
pidgeot-mega,"(8, 9, 6)"
pidgeot,"(2, 1, 1)"
pidgeotto,"(3, 2, 2)"
pidgey,"(2, 1, 1)"
pidove,"(6, 6, 6)"
pignite,"(30, 27, 25)"
pikachu-alola-cap,"(1, 0, 0)"
pikachu-belle,"(1, 1, 1)"
pikachu-cosplay,"(1, 0, 0)"
pikachu-gmax,"(254, 254, 254)"
pikachu-hoenn-cap,"(3, 2, 3)"
pikachu-kalos-cap,"(0, 0, 0)"
pikachu-libre,"(0, 0, 0)"
pikachu-original-cap,"(2, 1, 1)"
pikachu-partner-cap,"(1, 1, 1)"
pikachu-phd,"(1, 1, 0)"
pikachu-pop-star,"(1, 1, 1)"
pikachu-rock-star,"(0, 0, 0)"
pikachu-sinnoh-cap,"(0, 0, 0)"
pikachu-starter,"(3, 2, 1)"
pikachu-unova-cap,"(1, 0, 0)"
pikachu-world-cap,"(2, 2, 2)"
pikachu,"(2, 1, 1)"
pikipek,"(249, 248, 248)"
piloswine,"(163, 125, 110)"
pincurchin,"(254, 254, 252)"
pineco,"(10, 12, 14)"
pinsir-mega,"(252, 252, 253)"
pinsir,"(1, 1, 1)"
piplup,"(253, 253, 251)"
plusle,"(253, 251, 240)"
poipole,"(253, 253, 254)"
politoed,"(254, 253, 248)"
poliwag,"(247, 249, 251)"
poliwhirl,"(239, 242, 246)"
poliwrath,"(248, 249, 251)"
polteageist,"(241, 246, 244)"
ponyta-galar,"(251, 249, 251)"
ponyta,"(251, 249, 239)"
poochyena,"(230, 230, 230)"
popplio,"(250, 251, 253)"
porygon-z,"(4, 5, 3)"
porygon,"(2, 2, 2)"
porygon2,"(5, 6, 4)"
primarina,"(247, 248, 250)"
primeape,"(3, 3, 3)"
prinplup,"(0, 2, 1)"
probopass,"(15, 16, 14)"
psyduck,"(254, 252, 250)"
pumpkaboo-average,"(28, 25, 25)"
pumpkaboo-large,"(28, 25, 25)"
pumpkaboo-small,"(28, 25, 25)"
pumpkaboo-super,"(28, 25, 25)"
pupitar,"(254, 254, 254)"
purrloin,"(254, 253, 250)"
purugly,"(6, 7, 5)"
pyroar,"(8, 6, 6)"
pyukumuku,"(254, 254, 254)"
quagsire,"(142, 177, 193)"
quaquaval,"(246, 250, 250)"
quaxly,"(252, 253, 252)"
quaxwell,"(251, 251, 250)"
quilava,"(254, 251, 241)"
quilladin,"(10, 7, 4)"
qwilfish-hisui,"(254, 253, 252)"
qwilfish,"(5, 7, 4)"
raboot,"(245, 244, 242)"
rabsca,"(100, 86, 90)"
raichu-alola,"(253, 253, 250)"
raichu,"(4, 3, 2)"
raikou,"(9, 10, 7)"
ralts,"(251, 251, 252)"
rampardos,"(252, 252, 252)"
rapidash-galar,"(250, 249, 251)"
rapidash,"(66, 43, 44)"
raticate-alola,"(252, 251, 249)"
raticate-totem-alola,"(252, 251, 249)"
raticate,"(1, 1, 0)"
rattata-alola,"(254, 254, 254)"
rattata,"(1, 1, 1)"
rayquaza-mega,"(35, 39, 35)"
rayquaza,"(1, 1, 1)"
regice,"(8, 13, 15)"
regidrago,"(254, 254, 254)"
regieleki,"(254, 254, 252)"
regigigas,"(252, 252, 253)"
regirock,"(3, 2, 2)"
registeel,"(248, 248, 248)"
relicanth,"(254, 254, 254)"
rellor,"(254, 254, 254)"
remoraid,"(5, 7, 4)"
reshiram,"(2, 2, 2)"
reuniclus,"(253, 253, 252)"
revavroom,"(243, 242, 242)"
rhydon,"(15, 14, 14)"
rhyhorn,"(127, 137, 146)"
rhyperior,"(253, 253, 253)"
ribombee-totem,"(254, 254, 253)"
ribombee,"(254, 254, 253)"
rillaboom-gmax,"(251, 249, 245)"
rillaboom,"(254, 254, 254)"
riolu,"(5, 6, 4)"
roaring-moon,"(7, 4, 4)"
rockruff-own-tempo,"(252, 251, 251)"
rockruff,"(252, 251, 251)"
roggenrola,"(254, 253, 251)"
rolycoly,"(254, 254, 254)"
rookidee,"(254, 254, 253)"
roselia,"(1, 1, 1)"
roserade,"(250, 251, 253)"
rotom-fan,"(213, 166, 110)"
rotom-frost,"(254, 254, 254)"
rotom-heat,"(150, 48, 70)"
rotom-mow,"(73, 137, 70)"
rotom-wash,"(62, 121, 175)"
rotom,"(96, 153, 189)"
rowlet,"(253, 253, 252)"
rufflet,"(250, 248, 244)"
runerigus,"(99, 107, 100)"
sableye-mega,"(179, 90, 116)"
sableye,"(0, 0, 0)"
salamence-mega,"(254, 254, 254)"
salamence,"(252, 252, 252)"
salandit,"(254, 254, 254)"
salazzle-totem,"(254, 254, 254)"
salazzle,"(254, 254, 254)"
samurott-hisui,"(6, 7, 10)"
samurott,"(8, 9, 6)"
sandaconda-gmax,"(252, 251, 248)"
sandaconda,"(253, 253, 252)"
sandile,"(254, 254, 254)"
sandshrew-alola,"(244, 249, 250)"
sandshrew,"(4, 4, 3)"
sandslash-alola,"(241, 247, 250)"
sandslash,"(2, 1, 1)"
sandy-shocks,"(54, 49, 48)"
sandygast,"(247, 246, 240)"
sawk,"(17, 18, 16)"
sawsbuck,"(10, 10, 7)"
scatterbug,"(253, 253, 253)"
sceptile-mega,"(10, 11, 7)"
sceptile,"(1, 1, 1)"
scizor-mega,"(18, 14, 14)"
scizor,"(6, 7, 4)"
scolipede,"(8, 9, 6)"
scorbunny,"(254, 254, 254)"
scovillain,"(5, 3, 2)"
scrafty,"(254, 254, 254)"
scraggy,"(253, 253, 247)"
scream-tail,"(251, 243, 245)"
scyther,"(4, 4, 4)"
seadra,"(4, 4, 5)"
seaking,"(237, 238, 239)"
sealeo,"(249, 246, 242)"
seedot,"(252, 250, 245)"
seel,"(7, 7, 7)"
seismitoad,"(81, 127, 149)"
sentret,"(254, 254, 254)"
serperior,"(8, 12, 8)"
servine,"(8, 8, 5)"
seviper,"(1, 1, 1)"
sewaddle,"(168, 169, 89)"
sharpedo-mega,"(9, 10, 7)"
sharpedo,"(0, 0, 0)"
shaymin-land,"(156, 169, 120)"
shaymin-sky,"(7, 8, 5)"
shedinja,"(166, 148, 125)"
shelgon,"(242, 242, 242)"
shellder,"(14, 13, 13)"
shellos,"(254, 254, 254)"
shelmet,"(189, 166, 162)"
shieldon,"(3, 5, 3)"
shiftry,"(2, 3, 2)"
shiinotic,"(250, 245, 241)"
shinx,"(5, 5, 5)"
shroodle,"(254, 254, 254)"
shroomish,"(254, 254, 254)"
shuckle,"(5, 6, 3)"
shuppet,"(0, 0, 1)"
sigilyph,"(14, 12, 12)"
silcoon,"(0, 0, 0)"
silicobra,"(254, 253, 252)"
silvally,"(250, 250, 251)"
simipour,"(9, 11, 7)"
simisage,"(8, 9, 6)"
simisear,"(10, 10, 7)"
sinistea,"(245, 248, 244)"
sirfetchd,"(254, 253, 253)"
sizzlipede,"(254, 254, 254)"
skarmory,"(245, 247, 250)"
skeledirge,"(254, 254, 254)"
skiddo,"(13, 11, 10)"
skiploom,"(253, 252, 241)"
skitty,"(253, 248, 240)"
skorupi,"(1, 4, 1)"
skrelp,"(244, 245, 249)"
skuntank,"(251, 249, 243)"
skwovet,"(253, 253, 253)"
slaking,"(249, 248, 248)"
slakoth,"(254, 254, 254)"
sliggoo-hisui,"(245, 245, 247)"
sliggoo,"(250, 248, 251)"
slither-wing,"(253, 253, 253)"
slowbro-galar,"(249, 249, 250)"
slowbro-mega,"(242, 245, 244)"
slowbro,"(198, 168, 174)"
slowking-galar,"(254, 254, 254)"
slowking,"(252, 252, 251)"
slowpoke-galar,"(254, 254, 254)"
slowpoke,"(253, 252, 252)"
slugma,"(224, 120, 100)"
slurpuff,"(246, 238, 242)"
smeargle,"(5, 6, 3)"
smoliv,"(254, 254, 254)"
smoochum,"(254, 253, 251)"
sneasel-hisui,"(250, 250, 251)"
sneasel,"(8, 10, 9)"
sneasler,"(243, 246, 249)"
snivy,"(9, 10, 6)"
snom,"(249, 251, 253)"
snorlax-gmax,"(252, 251, 249)"
snorlax,"(241, 236, 232)"
snorunt,"(21, 20, 20)"
snover,"(252, 253, 253)"
snubbull,"(11, 11, 9)"
sobble,"(252, 253, 253)"
solgaleo,"(253, 252, 248)"
solosis,"(235, 241, 221)"
solrock,"(2, 1, 1)"
spearow,"(2, 1, 1)"
spectrier,"(252, 252, 253)"
spewpa,"(247, 247, 246)"
spheal,"(250, 247, 238)"
spidops,"(254, 254, 253)"
spinarak,"(254, 254, 254)"
spinda,"(246, 242, 237)"
spiritomb,"(175, 142, 141)"
spoink,"(254, 252, 252)"
sprigatito,"(244, 249, 238)"
spritzee,"(247, 247, 251)"
squawkabilly-blue-plumage,"(238, 239, 241)"
squawkabilly-white-plumage,"(246, 248, 251)"
squawkabilly-yellow-plumage,"(238, 239, 236)"
squawkabilly,"(112, 117, 90)"
squirtle,"(1, 1, 1)"
stakataka,"(14, 12, 11)"
stantler,"(5, 6, 3)"
staraptor,"(3, 5, 3)"
staravia,"(252, 252, 251)"
starly,"(246, 246, 245)"
starmie,"(8, 8, 8)"
staryu,"(3, 3, 2)"
steelix-mega,"(136, 161, 185)"
steelix,"(5, 6, 3)"
steenee,"(253, 253, 253)"
stonjourner,"(252, 252, 252)"
stoutland,"(252, 248, 243)"
stufful,"(254, 254, 254)"
stunfisk-galar,"(254, 253, 253)"
stunfisk,"(254, 254, 254)"
stunky,"(3, 4, 2)"
sudowoodo,"(5, 6, 3)"
suicune,"(5, 6, 4)"
sunflora,"(5, 7, 3)"
sunkern,"(22, 21, 16)"
surskit,"(0, 0, 0)"
swablu,"(252, 253, 254)"
swadloon,"(8, 9, 6)"
swalot,"(154, 137, 181)"
swampert-mega,"(26, 28, 28)"
swampert,"(252, 250, 248)"
swanna,"(247, 249, 246)"
swellow,"(0, 0, 0)"
swinub,"(254, 254, 254)"
swirlix,"(252, 253, 253)"
swoobat,"(10, 11, 8)"
sylveon,"(252, 253, 253)"
tadbulb,"(254, 254, 254)"
taillow,"(252, 251, 251)"
talonflame,"(14, 13, 12)"
tandemaus,"(253, 253, 252)"
tangela,"(118, 136, 157)"
tangrowth,"(6, 7, 5)"
tapu-bulu,"(9, 9, 9)"
tapu-fini,"(248, 250, 252)"
tapu-koko,"(254, 254, 254)"
tapu-lele,"(254, 252, 253)"
tarountula,"(252, 252, 251)"
tatsugiri-droopy,"(254, 254, 254)"
tatsugiri-stretchy,"(254, 254, 254)"
tatsugiri,"(254, 254, 254)"
tauros-paldea-aqua-breed,"(251, 251, 251)"
tauros-paldea-blaze-breed,"(7, 5, 5)"
tauros-paldea-combat-breed,"(7, 4, 4)"
tauros,"(1, 1, 1)"
teddiursa,"(254, 253, 251)"
tentacool,"(7, 7, 7)"
tentacruel,"(5, 5, 6)"
tepig,"(23, 22, 18)"
terrakion,"(15, 15, 12)"
thievul,"(13, 11, 10)"
throh,"(13, 14, 11)"
thundurus-incarnate,"(247, 249, 251)"
thundurus-therian,"(11, 8, 8)"
thwackey,"(254, 254, 253)"
timburr,"(13, 9, 7)"
ting-lu,"(5, 3, 2)"
tinkatink,"(69, 61, 61)"
tinkaton,"(69, 60, 66)"
tinkatuff,"(69, 61, 62)"
tirtouga,"(254, 254, 254)"
toedscool,"(254, 254, 254)"
toedscruel,"(254, 253, 250)"
togedemaru-totem,"(254, 253, 253)"
togedemaru,"(254, 253, 253)"
togekiss,"(249, 252, 251)"
togepi,"(243, 237, 220)"
togetic,"(248, 251, 247)"
torchic,"(254, 254, 254)"
torkoal,"(197, 168, 145)"
tornadus-incarnate,"(251, 250, 249)"
tornadus-therian,"(11, 8, 7)"
torracat,"(254, 254, 253)"
torterra,"(9, 12, 8)"
totodile,"(254, 253, 252)"
toucannon,"(254, 254, 254)"
toxapex,"(241, 247, 247)"
toxel,"(253, 253, 253)"
toxicroak,"(6, 7, 5)"
toxtricity-amped-gmax,"(251, 251, 251)"
toxtricity-amped,"(254, 254, 253)"
toxtricity-low-key-gmax,"(251, 251, 251)"
toxtricity-low-key,"(254, 254, 254)"
tranquill,"(14, 14, 11)"
trapinch,"(228, 151, 117)"
treecko,"(1, 1, 0)"
trevenant,"(17, 13, 13)"
tropius,"(131, 160, 120)"
trubbish,"(8, 9, 6)"
trumbeak,"(252, 252, 252)"
tsareena,"(253, 253, 253)"
turtonator,"(17, 12, 11)"
turtwig,"(254, 254, 254)"
tympole,"(249, 242, 229)"
tynamo,"(247, 250, 250)"
type-null,"(254, 254, 254)"
typhlosion-hisui,"(253, 250, 239)"
typhlosion,"(254, 254, 253)"
tyranitar-mega,"(13, 10, 10)"
tyranitar,"(20, 20, 17)"
tyrantrum,"(13, 11, 10)"
tyrogue,"(6, 7, 4)"
tyrunt,"(250, 250, 250)"
umbreon,"(0, 0, 0)"
unfezant,"(9, 10, 7)"
unown,"(12, 16, 16)"
ursaluna,"(253, 253, 252)"
ursaring,"(253, 252, 249)"
urshifu-rapid-strike-gmax,"(254, 253, 253)"
urshifu-rapid-strike,"(254, 254, 253)"
urshifu-single-strike-gmax,"(252, 251, 252)"
urshifu-single-strike,"(253, 253, 252)"
uxie,"(6, 7, 4)"
vanillish,"(248, 251, 253)"
vanillite,"(249, 251, 253)"
vanilluxe,"(239, 246, 251)"
vaporeon,"(3, 3, 3)"
varoom,"(250, 250, 249)"
veluza,"(254, 254, 254)"
venipede,"(254, 254, 254)"
venomoth,"(249, 247, 251)"
venonat,"(5, 5, 5)"
venusaur-gmax,"(254, 254, 254)"
venusaur-mega,"(254, 254, 254)"
venusaur,"(254, 252, 252)"
vespiquen,"(9, 9, 7)"
vibrava,"(253, 253, 250)"
victini,"(8, 11, 8)"
victreebel,"(2, 4, 3)"
vigoroth,"(249, 249, 249)"
vikavolt-totem,"(253, 252, 247)"
vikavolt,"(253, 252, 247)"
vileplume,"(180, 123, 140)"
virizion,"(253, 253, 252)"
vivillon,"(17, 15, 14)"
volbeat,"(253, 253, 252)"
volcanion,"(1, 1, 1)"
volcarona,"(11, 12, 9)"
voltorb-hisui,"(196, 109, 57)"
voltorb,"(206, 158, 161)"
vullaby,"(9, 10, 7)"
vulpix-alola,"(249, 251, 253)"
vulpix,"(200, 132, 100)"
wailmer,"(253, 249, 240)"
wailord,"(254, 253, 253)"
walking-wake,"(0, 0, 0)"
walrein,"(1, 1, 1)"
wartortle,"(2, 2, 2)"
watchog,"(253, 253, 252)"
wattrel,"(254, 254, 254)"
weavile,"(1, 1, 1)"
weedle,"(1, 0, 0)"
weepinbell,"(253, 253, 251)"
weezing-galar,"(233, 238, 240)"
weezing,"(7, 4, 4)"
whimsicott,"(248, 246, 232)"
whirlipede,"(254, 254, 254)"
whiscash,"(235, 242, 242)"
whismur,"(226, 199, 189)"
wigglytuff,"(252, 249, 251)"
wiglett,"(254, 254, 254)"
wimpod,"(248, 251, 249)"
wingull,"(253, 253, 254)"
wishiwashi-school,"(254, 254, 254)"
wishiwashi-solo,"(252, 252, 252)"
wo-chien,"(254, 254, 253)"
wobbuffet,"(254, 254, 254)"
woobat,"(252, 253, 253)"
wooloo,"(253, 253, 253)"
wooper-paldea,"(253, 253, 254)"
wooper,"(6, 8, 6)"
wormadam-plant,"(2, 3, 0)"
wormadam-sandy,"(1, 2, 0)"
wormadam-trash,"(4, 6, 3)"
wugtrio,"(254, 254, 254)"
wurmple,"(246, 243, 238)"
wynaut,"(2, 2, 2)"
wyrdeer,"(254, 254, 254)"
xatu,"(249, 250, 251)"
xerneas,"(10, 8, 7)"
xurkitree,"(11, 11, 10)"
yamask-galar,"(250, 249, 249)"
yamask,"(8, 9, 6)"
yamper,"(254, 254, 254)"
yanma,"(254, 253, 254)"
yanmega,"(32, 32, 27)"
yungoos,"(254, 254, 254)"
yveltal,"(19, 17, 17)"
zacian-crowned,"(5, 6, 5)"
zacian,"(4, 4, 5)"
zamazenta-crowned,"(5, 4, 5)"
zamazenta,"(4, 4, 4)"
zangoose,"(247, 248, 251)"
zapdos-galar,"(254, 254, 254)"
zapdos,"(254, 254, 254)"
zarude-dada,"(1, 0, 0)"
zarude,"(1, 1, 1)"
zebstrika,"(7, 8, 5)"
zekrom,"(2, 2, 2)"
zeraora,"(1, 1, 1)"
zigzagoon-galar,"(253, 253, 253)"
zigzagoon,"(252, 251, 250)"
zoroark-hisui,"(252, 251, 251)"
zoroark,"(8, 9, 6)"
zorua-hisui,"(251, 251, 251)"
zorua,"(254, 254, 254)"
zubat,"(1, 1, 1)"
zweilous,"(9, 10, 6)"
zygarde-10-power-construct,"(254, 254, 254)"
zygarde-10,"(254, 254, 254)"
zygarde-50-power-construct,"(29, 25, 23)"
zygarde-50,"(29, 25, 23)"
zygarde-complete,"(11, 7, 6)"
